{
"lengthUnit": "mil",
"components": {
	"fields": ["COMPONENT_NO", "COMPONENT_NAME", "LAYER", "X_COORDINATE", "Y_COORDINATE", "ANGLE"],
	"rows": [
		[1, "1", "T", 2360, -1020, 270],
		[2, "2", "T", 2355, -620, 270],
		[3, "3", "T", 2360, -255, 270],
		[4, "3.3V", "T", 685, 270, 0],
		[5, "3.3V1", "T", 934.49, -2392.72, 90],
		[6, "5V", "T", 2115, 270, 0],
		[7, "5V1", "T", 870, 595, 180],
		[8, "%E8%88%B5%E6%9C%BA", "T", 1760, 585, 180],
		[9, "GND1", "T", 515, -2400, 90],
		[10, "H9", "T", 1960, -1057.08, 90],
		[11, "H10", "T", 515, -1052.08, 90],
		[12, "INPUTIO1", "T", 1845, -3210, 0],
		[13, "LED1", "T", 180, -340, 180],
		[14, "LED2", "T", 185, -555, 180],
		[15, "MPU6050", "T", 155, -1900, 270],
		[16, "OLED1", "T", 2410, -2820, 270],
		[17, "openmv\\1", "T", 2425, 370, 270],
		[18, "openmv\\2", "T", 225, 400, 270],
		[19, "OUTPUTIO1", "T", 1100, -3210, 180],
		[20, "SPI/W26QXX1", "T", 160, -2785, 90],
		[21, "U1", "T", 1535.94, -1057.08, 90],
		[22, "U2", "T", 935.94, -1057.08, 90],
		[23, "PAD1", "T", 380, -3355, 0],
		[24, "PAD1", "B", 380, -3355, 0],
		[25, "PAD2", "T", 485, -3355, 0],
		[26, "PAD2", "B", 485, -3355, 0],
		[27, "PAD3", "T", 589.58, -3355, 0],
		[28, "PAD3", "B", 589.58, -3355, 0],
		[29, "PAD4", "T", 1420, -915, 0],
		[30, "PAD4", "B", 1420, -915, 0],
		[31, "PAD5", "T", 1335, -1230, 0],
		[32, "PAD5", "B", 1335, -1230, 0]
	]
},
"pins": {
	"fields": ["PIN_NO", "PIN_NAME", "PIN_X", "PIN_Y", "LAYER", "PIN_TYPE", "NET_NAME", "NET_TYPE", "PAD_SHAPE", "PAD_SIZEX", "PAD_SIZEY", "HOLE_SIZE", "PAD_ANGLE"],
	"rows": [
		[1, "1_1", 2271.42, -892.05, "T", "DIP", "KEY1", "", "C", 78.74, 78.74, 47.24, 270],
		[2, "1_1", 2271.42, -892.05, "B", "DIP", "KEY1", "", "C", 78.74, 78.74, 47.24, 270],
		[3, "1_2", 2271.42, -1147.95, "T", "DIP", "KEY1", "", "C", 78.74, 78.74, 47.24, 270],
		[4, "1_2", 2271.42, -1147.95, "B", "DIP", "KEY1", "", "C", 78.74, 78.74, 47.24, 270],
		[5, "1_3", 2448.58, -1147.95, "T", "DIP", "GND", "GND", "C", 78.74, 78.74, 47.24, 270],
		[6, "1_3", 2448.58, -1147.95, "B", "DIP", "GND", "GND", "C", 78.74, 78.74, 47.24, 270],
		[7, "1_4", 2448.58, -892.05, "T", "DIP", "GND", "GND", "C", 78.74, 78.74, 47.24, 270],
		[8, "1_4", 2448.58, -892.05, "B", "DIP", "GND", "GND", "C", 78.74, 78.74, 47.24, 270],
		[9, "2_1", 2266.42, -492.05, "T", "DIP", "KEY2", "", "C", 78.74, 78.74, 47.24, 270],
		[10, "2_1", 2266.42, -492.05, "B", "DIP", "KEY2", "", "C", 78.74, 78.74, 47.24, 270],
		[11, "2_2", 2266.42, -747.95, "T", "DIP", "KEY2", "", "C", 78.74, 78.74, 47.24, 270],
		[12, "2_2", 2266.42, -747.95, "B", "DIP", "KEY2", "", "C", 78.74, 78.74, 47.24, 270],
		[13, "2_3", 2443.58, -747.95, "T", "DIP", "GND", "GND", "C", 78.74, 78.74, 47.24, 270],
		[14, "2_3", 2443.58, -747.95, "B", "DIP", "GND", "GND", "C", 78.74, 78.74, 47.24, 270],
		[15, "2_4", 2443.58, -492.05, "T", "DIP", "GND", "GND", "C", 78.74, 78.74, 47.24, 270],
		[16, "2_4", 2443.58, -492.05, "B", "DIP", "GND", "GND", "C", 78.74, 78.74, 47.24, 270],
		[17, "3_1", 2271.42, -127.05, "T", "DIP", "KEY3", "", "C", 78.74, 78.74, 47.24, 270],
		[18, "3_1", 2271.42, -127.05, "B", "DIP", "KEY3", "", "C", 78.74, 78.74, 47.24, 270],
		[19, "3_2", 2271.42, -382.95, "T", "DIP", "KEY3", "", "C", 78.74, 78.74, 47.24, 270],
		[20, "3_2", 2271.42, -382.95, "B", "DIP", "KEY3", "", "C", 78.74, 78.74, 47.24, 270],
		[21, "3_3", 2448.58, -382.95, "T", "DIP", "GND", "GND", "C", 78.74, 78.74, 47.24, 270],
		[22, "3_3", 2448.58, -382.95, "B", "DIP", "GND", "GND", "C", 78.74, 78.74, 47.24, 270],
		[23, "3_4", 2448.58, -127.05, "T", "DIP", "GND", "GND", "C", 78.74, 78.74, 47.24, 270],
		[24, "3_4", 2448.58, -127.05, "B", "DIP", "GND", "GND", "C", 78.74, 78.74, 47.24, 270],
		[25, "3.3V_1", 527.52, 309.37, "T", "DIP", "3.3V", "", "C", 60, 60, 36, 0],
		[26, "3.3V_1", 527.52, 309.37, "B", "DIP", "3.3V", "", "C", 60, 60, 36, 0],
		[27, "3.3V_2", 606.26, 309.37, "T", "DIP", "3.3V", "", "C", 60, 60, 36, 0],
		[28, "3.3V_2", 606.26, 309.37, "B", "DIP", "3.3V", "", "C", 60, 60, 36, 0],
		[29, "3.3V_3", 685, 309.37, "T", "DIP", "3.3V", "", "C", 60, 60, 36, 0],
		[30, "3.3V_3", 685, 309.37, "B", "DIP", "3.3V", "", "C", 60, 60, 36, 0],
		[31, "3.3V_4", 763.74, 309.37, "T", "DIP", "3.3V", "", "C", 60, 60, 36, 0],
		[32, "3.3V_4", 763.74, 309.37, "B", "DIP", "3.3V", "", "C", 60, 60, 36, 0],
		[33, "3.3V_5", 842.48, 309.37, "T", "DIP", "3.3V", "", "C", 60, 60, 36, 0],
		[34, "3.3V_5", 842.48, 309.37, "B", "DIP", "3.3V", "", "C", 60, 60, 36, 0],
		[35, "3.3V_6", 842.48, 230.63, "T", "DIP", "GND", "GND", "C", 60, 60, 36, 0],
		[36, "3.3V_6", 842.48, 230.63, "B", "DIP", "GND", "GND", "C", 60, 60, 36, 0],
		[37, "3.3V_7", 763.74, 230.63, "T", "DIP", "GND", "GND", "C", 60, 60, 36, 0],
		[38, "3.3V_7", 763.74, 230.63, "B", "DIP", "GND", "GND", "C", 60, 60, 36, 0],
		[39, "3.3V_8", 685, 230.63, "T", "DIP", "GND", "GND", "C", 60, 60, 36, 0],
		[40, "3.3V_8", 685, 230.63, "B", "DIP", "GND", "GND", "C", 60, 60, 36, 0],
		[41, "3.3V_9", 606.26, 230.63, "T", "DIP", "GND", "GND", "C", 60, 60, 36, 0],
		[42, "3.3V_9", 606.26, 230.63, "B", "DIP", "GND", "GND", "C", 60, 60, 36, 0],
		[43, "3.3V_10", 527.52, 230.63, "T", "DIP", "GND", "GND", "R", 60, 60, 36, 0],
		[44, "3.3V_10", 527.52, 230.63, "B", "DIP", "GND", "GND", "R", 60, 60, 36, 0],
		[45, "3.3V1_1", 934.49, -2542.72, "T", "DIP", "3.3V", "", "R", 66.93, 66.93, 43.31, 90],
		[46, "3.3V1_1", 934.49, -2542.72, "B", "DIP", "3.3V", "", "R", 66.93, 66.93, 43.31, 90],
		[47, "3.3V1_2", 934.49, -2442.72, "T", "DIP", "3.3V", "", "C", 66.93, 66.93, 43.31, 90],
		[48, "3.3V1_2", 934.49, -2442.72, "B", "DIP", "3.3V", "", "C", 66.93, 66.93, 43.31, 90],
		[49, "3.3V1_3", 934.49, -2342.72, "T", "DIP", "3.3V", "", "C", 66.93, 66.93, 43.31, 90],
		[50, "3.3V1_3", 934.49, -2342.72, "B", "DIP", "3.3V", "", "C", 66.93, 66.93, 43.31, 90],
		[51, "3.3V1_4", 934.49, -2242.72, "T", "DIP", "3.3V", "", "C", 66.93, 66.93, 43.31, 90],
		[52, "3.3V1_4", 934.49, -2242.72, "B", "DIP", "3.3V", "", "C", 66.93, 66.93, 43.31, 90],
		[53, "5V_1", 1957.52, 309.37, "T", "DIP", "5V", "", "C", 60, 60, 36, 0],
		[54, "5V_1", 1957.52, 309.37, "B", "DIP", "5V", "", "C", 60, 60, 36, 0],
		[55, "5V_2", 2036.26, 309.37, "T", "DIP", "5V", "", "C", 60, 60, 36, 0],
		[56, "5V_2", 2036.26, 309.37, "B", "DIP", "5V", "", "C", 60, 60, 36, 0],
		[57, "5V_3", 2115, 309.37, "T", "DIP", "5V", "", "C", 60, 60, 36, 0],
		[58, "5V_3", 2115, 309.37, "B", "DIP", "5V", "", "C", 60, 60, 36, 0],
		[59, "5V_4", 2193.74, 309.37, "T", "DIP", "5V", "", "C", 60, 60, 36, 0],
		[60, "5V_4", 2193.74, 309.37, "B", "DIP", "5V", "", "C", 60, 60, 36, 0],
		[61, "5V_5", 2272.48, 309.37, "T", "DIP", "5V", "", "C", 60, 60, 36, 0],
		[62, "5V_5", 2272.48, 309.37, "B", "DIP", "5V", "", "C", 60, 60, 36, 0],
		[63, "5V_6", 2272.48, 230.63, "T", "DIP", "GND", "GND", "C", 60, 60, 36, 0],
		[64, "5V_6", 2272.48, 230.63, "B", "DIP", "GND", "GND", "C", 60, 60, 36, 0],
		[65, "5V_7", 2193.74, 230.63, "T", "DIP", "GND", "GND", "C", 60, 60, 36, 0],
		[66, "5V_7", 2193.74, 230.63, "B", "DIP", "GND", "GND", "C", 60, 60, 36, 0],
		[67, "5V_8", 2115, 230.63, "T", "DIP", "GND", "GND", "C", 60, 60, 36, 0],
		[68, "5V_8", 2115, 230.63, "B", "DIP", "GND", "GND", "C", 60, 60, 36, 0],
		[69, "5V_9", 2036.26, 230.63, "T", "DIP", "GND", "GND", "C", 60, 60, 36, 0],
		[70, "5V_9", 2036.26, 230.63, "B", "DIP", "GND", "GND", "C", 60, 60, 36, 0],
		[71, "5V_10", 1957.52, 230.63, "T", "DIP", "GND", "GND", "R", 60, 60, 36, 0],
		[72, "5V_10", 1957.52, 230.63, "B", "DIP", "GND", "GND", "R", 60, 60, 36, 0],
		[73, "5V1_1", 1020, 595, "T", "DIP", "5V", "", "R", 66.93, 66.93, 43.31, 180],
		[74, "5V1_1", 1020, 595, "B", "DIP", "5V", "", "R", 66.93, 66.93, 43.31, 180],
		[75, "5V1_2", 920, 595, "T", "DIP", "5V", "", "C", 66.93, 66.93, 43.31, 180],
		[76, "5V1_2", 920, 595, "B", "DIP", "5V", "", "C", 66.93, 66.93, 43.31, 180],
		[77, "5V1_3", 820, 595, "T", "DIP", "5V", "", "C", 66.93, 66.93, 43.31, 180],
		[78, "5V1_3", 820, 595, "B", "DIP", "5V", "", "C", 66.93, 66.93, 43.31, 180],
		[79, "5V1_4", 720, 595, "T", "DIP", "5V", "", "C", 66.93, 66.93, 43.31, 180],
		[80, "5V1_4", 720, 595, "B", "DIP", "5V", "", "C", 66.93, 66.93, 43.31, 180],
		[81, "%25E8%2588%25B5%25E6%259C%25BA_1", 1860, 585, "T", "DIP", "GND", "GND", "R", 62, 62, 40.16, 180],
		[82, "%25E8%2588%25B5%25E6%259C%25BA_1", 1860, 585, "B", "DIP", "GND", "GND", "R", 62, 62, 40.16, 180],
		[83, "%25E8%2588%25B5%25E6%259C%25BA_2", 1760, 585, "T", "DIP", "5V", "", "C", 62, 62, 40.16, 180],
		[84, "%25E8%2588%25B5%25E6%259C%25BA_2", 1760, 585, "B", "DIP", "5V", "", "C", 62, 62, 40.16, 180],
		[85, "%25E8%2588%25B5%25E6%259C%25BA_3", 1660, 585, "T", "DIP", "PA1", "", "C", 62, 62, 40.16, 180],
		[86, "%25E8%2588%25B5%25E6%259C%25BA_3", 1660, 585, "B", "DIP", "PA1", "", "C", 62, 62, 40.16, 180],
		[87, "GND1_1", 515, -2550, "T", "DIP", "GND", "GND", "R", 66.93, 66.93, 43.31, 90],
		[88, "GND1_1", 515, -2550, "B", "DIP", "GND", "GND", "R", 66.93, 66.93, 43.31, 90],
		[89, "GND1_2", 515, -2450, "T", "DIP", "GND", "GND", "C", 66.93, 66.93, 43.31, 90],
		[90, "GND1_2", 515, -2450, "B", "DIP", "GND", "GND", "C", 66.93, 66.93, 43.31, 90],
		[91, "GND1_3", 515, -2350, "T", "DIP", "GND", "GND", "C", 66.93, 66.93, 43.31, 90],
		[92, "GND1_3", 515, -2350, "B", "DIP", "GND", "GND", "C", 66.93, 66.93, 43.31, 90],
		[93, "GND1_4", 515, -2250, "T", "DIP", "GND", "GND", "C", 66.93, 66.93, 43.31, 90],
		[94, "GND1_4", 515, -2250, "B", "DIP", "GND", "GND", "C", 66.93, 66.93, 43.31, 90],
		[95, "H9_1", 1960, -2007.08, "T", "DIP", "BIN2", "", "R", 70.87, 70.87, 47.24, 90],
		[96, "H9_1", 1960, -2007.08, "B", "DIP", "BIN2", "", "R", 70.87, 70.87, 47.24, 90],
		[97, "H9_2", 1960, -1907.08, "T", "DIP", "BIN1", "", "C", 70.87, 70.87, 47.24, 90],
		[98, "H9_2", 1960, -1907.08, "B", "DIP", "BIN1", "", "C", 70.87, 70.87, 47.24, 90],
		[99, "H9_3", 1960, -1807.08, "T", "DIP", "AIN1", "", "C", 70.87, 70.87, 47.24, 90],
		[100, "H9_3", 1960, -1807.08, "B", "DIP", "AIN1", "", "C", 70.87, 70.87, 47.24, 90],
		[101, "H9_4", 1960, -1707.08, "T", "DIP", "AIN2", "", "C", 70.87, 70.87, 47.24, 90],
		[102, "H9_4", 1960, -1707.08, "B", "DIP", "AIN2", "", "C", 70.87, 70.87, 47.24, 90],
		[103, "H9_5", 1960, -1607.08, "T", "DIP", "PA8", "", "C", 70.87, 70.87, 47.24, 90],
		[104, "H9_5", 1960, -1607.08, "B", "DIP", "PA8", "", "C", 70.87, 70.87, 47.24, 90],
		[105, "H9_6", 1960, -1507.08, "T", "DIP", "PA9", "", "C", 70.87, 70.87, 47.24, 90],
		[106, "H9_6", 1960, -1507.08, "B", "DIP", "PA9", "", "C", 70.87, 70.87, 47.24, 90],
		[107, "H9_7", 1960, -1407.08, "T", "DIP", "PA10", "", "C", 70.87, 70.87, 47.24, 90],
		[108, "H9_7", 1960, -1407.08, "B", "DIP", "PA10", "", "C", 70.87, 70.87, 47.24, 90],
		[109, "H9_8", 1960, -1307.08, "T", "DIP", "KEY1", "", "C", 70.87, 70.87, 47.24, 90],
		[110, "H9_8", 1960, -1307.08, "B", "DIP", "KEY1", "", "C", 70.87, 70.87, 47.24, 90],
		[111, "H9_9", 1960, -1207.08, "T", "DIP", "KEY2", "", "C", 70.87, 70.87, 47.24, 90],
		[112, "H9_9", 1960, -1207.08, "B", "DIP", "KEY2", "", "C", 70.87, 70.87, 47.24, 90],
		[113, "H9_10", 1960, -1107.08, "T", "DIP", "KEY3", "", "C", 70.87, 70.87, 47.24, 90],
		[114, "H9_10", 1960, -1107.08, "B", "DIP", "KEY3", "", "C", 70.87, 70.87, 47.24, 90],
		[115, "H9_11", 1960, -1007.08, "T", "DIP", "PB3", "", "C", 70.87, 70.87, 47.24, 90],
		[116, "H9_11", 1960, -1007.08, "B", "DIP", "PB3", "", "C", 70.87, 70.87, 47.24, 90],
		[117, "H9_12", 1960, -907.08, "T", "DIP", "PB4", "", "C", 70.87, 70.87, 47.24, 90],
		[118, "H9_12", 1960, -907.08, "B", "DIP", "PB4", "", "C", 70.87, 70.87, 47.24, 90],
		[119, "H9_13", 1960, -807.08, "T", "DIP", "PB5", "", "C", 70.87, 70.87, 47.24, 90],
		[120, "H9_13", 1960, -807.08, "B", "DIP", "PB5", "", "C", 70.87, 70.87, 47.24, 90],
		[121, "H9_14", 1960, -707.08, "T", "DIP", "PB6", "", "C", 70.87, 70.87, 47.24, 90],
		[122, "H9_14", 1960, -707.08, "B", "DIP", "PB6", "", "C", 70.87, 70.87, 47.24, 90],
		[123, "H9_15", 1960, -607.08, "T", "DIP", "PB7", "", "C", 70.87, 70.87, 47.24, 90],
		[124, "H9_15", 1960, -607.08, "B", "DIP", "PB7", "", "C", 70.87, 70.87, 47.24, 90],
		[125, "H9_16", 1960, -507.08, "T", "DIP", "PB8", "", "C", 70.87, 70.87, 47.24, 90],
		[126, "H9_16", 1960, -507.08, "B", "DIP", "PB8", "", "C", 70.87, 70.87, 47.24, 90],
		[127, "H9_17", 1960, -407.08, "T", "DIP", "PB9", "", "C", 70.87, 70.87, 47.24, 90],
		[128, "H9_17", 1960, -407.08, "B", "DIP", "PB9", "", "C", 70.87, 70.87, 47.24, 90],
		[129, "H9_18", 1960, -307.08, "T", "DIP", "5V", "", "C", 70.87, 70.87, 47.24, 90],
		[130, "H9_18", 1960, -307.08, "B", "DIP", "5V", "", "C", 70.87, 70.87, 47.24, 90],
		[131, "H9_19", 1960, -207.08, "T", "DIP", "GND", "GND", "C", 70.87, 70.87, 47.24, 90],
		[132, "H9_19", 1960, -207.08, "B", "DIP", "GND", "GND", "C", 70.87, 70.87, 47.24, 90],
		[133, "H9_20", 1960, -107.08, "T", "DIP", "3.3V", "", "C", 70.87, 70.87, 47.24, 90],
		[134, "H9_20", 1960, -107.08, "B", "DIP", "3.3V", "", "C", 70.87, 70.87, 47.24, 90],
		[135, "H10_1", 515, -2002.08, "T", "DIP", "GND", "GND", "R", 70.87, 70.87, 47.24, 90],
		[136, "H10_1", 515, -2002.08, "B", "DIP", "GND", "GND", "R", 70.87, 70.87, 47.24, 90],
		[137, "H10_2", 515, -1902.08, "T", "DIP", "GND", "GND", "C", 70.87, 70.87, 47.24, 90],
		[138, "H10_2", 515, -1902.08, "B", "DIP", "GND", "GND", "C", 70.87, 70.87, 47.24, 90],
		[139, "H10_3", 515, -1802.08, "T", "DIP", "3.3V", "", "C", 70.87, 70.87, 47.24, 90],
		[140, "H10_3", 515, -1802.08, "B", "DIP", "3.3V", "", "C", 70.87, 70.87, 47.24, 90],
		[141, "H10_4", 515, -1702.08, "T", "DIP", "R", "", "C", 70.87, 70.87, 47.24, 90],
		[142, "H10_4", 515, -1702.08, "B", "DIP", "R", "", "C", 70.87, 70.87, 47.24, 90],
		[143, "H10_5", 515, -1602.08, "T", "DIP", "PB11", "", "C", 70.87, 70.87, 47.24, 90],
		[144, "H10_5", 515, -1602.08, "B", "DIP", "PB11", "", "C", 70.87, 70.87, 47.24, 90],
		[145, "H10_6", 515, -1502.08, "T", "DIP", "PB10", "", "C", 70.87, 70.87, 47.24, 90],
		[146, "H10_6", 515, -1502.08, "B", "DIP", "PB10", "", "C", 70.87, 70.87, 47.24, 90],
		[147, "H10_7", 515, -1402.08, "T", "DIP", "PB1", "", "C", 70.87, 70.87, 47.24, 90],
		[148, "H10_7", 515, -1402.08, "B", "DIP", "PB1", "", "C", 70.87, 70.87, 47.24, 90],
		[149, "H10_8", 515, -1302.08, "T", "DIP", "PB0", "", "C", 70.87, 70.87, 47.24, 90],
		[150, "H10_8", 515, -1302.08, "B", "DIP", "PB0", "", "C", 70.87, 70.87, 47.24, 90],
		[151, "H10_9", 515, -1202.08, "T", "DIP", "DI", "", "C", 70.87, 70.87, 47.24, 90],
		[152, "H10_9", 515, -1202.08, "B", "DIP", "DI", "", "C", 70.87, 70.87, 47.24, 90],
		[153, "H10_10", 515, -1102.08, "T", "DIP", "DO", "", "C", 70.87, 70.87, 47.24, 90],
		[154, "H10_10", 515, -1102.08, "B", "DIP", "DO", "", "C", 70.87, 70.87, 47.24, 90],
		[155, "H10_11", 515, -1002.08, "T", "DIP", "CLK", "", "C", 70.87, 70.87, 47.24, 90],
		[156, "H10_11", 515, -1002.08, "B", "DIP", "CLK", "", "C", 70.87, 70.87, 47.24, 90],
		[157, "H10_12", 515, -902.08, "T", "DIP", "CS", "", "C", 70.87, 70.87, 47.24, 90],
		[158, "H10_12", 515, -902.08, "B", "DIP", "CS", "", "C", 70.87, 70.87, 47.24, 90],
		[159, "H10_13", 515, -802.08, "T", "DIP", "PA3", "", "C", 70.87, 70.87, 47.24, 90],
		[160, "H10_13", 515, -802.08, "B", "DIP", "PA3", "", "C", 70.87, 70.87, 47.24, 90],
		[161, "H10_14", 515, -702.08, "T", "DIP", "PA2", "", "C", 70.87, 70.87, 47.24, 90],
		[162, "H10_14", 515, -702.08, "B", "DIP", "PA2", "", "C", 70.87, 70.87, 47.24, 90],
		[163, "H10_15", 515, -602.08, "T", "DIP", "PA1", "", "C", 70.87, 70.87, 47.24, 90],
		[164, "H10_15", 515, -602.08, "B", "DIP", "PA1", "", "C", 70.87, 70.87, 47.24, 90],
		[165, "H10_16", 515, -502.08, "T", "DIP", "PA0", "", "C", 70.87, 70.87, 47.24, 90],
		[166, "H10_16", 515, -502.08, "B", "DIP", "PA0", "", "C", 70.87, 70.87, 47.24, 90],
		[167, "H10_17", 515, -402.08, "T", "DIP", "PC15", "", "C", 70.87, 70.87, 47.24, 90],
		[168, "H10_17", 515, -402.08, "B", "DIP", "PC15", "", "C", 70.87, 70.87, 47.24, 90],
		[169, "H10_18", 515, -302.08, "T", "DIP", "PC14", "", "C", 70.87, 70.87, 47.24, 90],
		[170, "H10_18", 515, -302.08, "B", "DIP", "PC14", "", "C", 70.87, 70.87, 47.24, 90],
		[171, "H10_19", 515, -202.08, "T", "DIP", "PC13", "", "C", 70.87, 70.87, 47.24, 90],
		[172, "H10_19", 515, -202.08, "B", "DIP", "PC13", "", "C", 70.87, 70.87, 47.24, 90],
		[173, "H10_20", 515, -102.08, "T", "DIP", "VB", "", "C", 70.87, 70.87, 47.24, 90],
		[174, "H10_20", 515, -102.08, "B", "DIP", "VB", "", "C", 70.87, 70.87, 47.24, 90],
		[175, "INPUTIO1_1", 1545, -3210, "T", "DIP", "PB9", "", "R", 66.93, 66.93, 43.31, 0],
		[176, "INPUTIO1_1", 1545, -3210, "B", "DIP", "PB9", "", "R", 66.93, 66.93, 43.31, 0],
		[177, "INPUTIO1_2", 1645, -3210, "T", "DIP", "BIN2", "", "C", 66.93, 66.93, 43.31, 0],
		[178, "INPUTIO1_2", 1645, -3210, "B", "DIP", "BIN2", "", "C", 66.93, 66.93, 43.31, 0],
		[179, "INPUTIO1_3", 1745, -3210, "T", "DIP", "BIN1", "", "C", 66.93, 66.93, 43.31, 0],
		[180, "INPUTIO1_3", 1745, -3210, "B", "DIP", "BIN1", "", "C", 66.93, 66.93, 43.31, 0],
		[181, "INPUTIO1_4", 1845, -3210, "T", "DIP", "3.3V", "", "C", 66.93, 66.93, 43.31, 0],
		[182, "INPUTIO1_4", 1845, -3210, "B", "DIP", "3.3V", "", "C", 66.93, 66.93, 43.31, 0],
		[183, "INPUTIO1_5", 1945, -3210, "T", "DIP", "AIN1", "", "C", 66.93, 66.93, 43.31, 0],
		[184, "INPUTIO1_5", 1945, -3210, "B", "DIP", "AIN1", "", "C", 66.93, 66.93, 43.31, 0],
		[185, "INPUTIO1_6", 2045, -3210, "T", "DIP", "AIN2", "", "C", 66.93, 66.93, 43.31, 0],
		[186, "INPUTIO1_6", 2045, -3210, "B", "DIP", "AIN2", "", "C", 66.93, 66.93, 43.31, 0],
		[187, "INPUTIO1_7", 2145, -3210, "T", "DIP", "PB8", "", "C", 66.93, 66.93, 43.31, 0],
		[188, "INPUTIO1_7", 2145, -3210, "B", "DIP", "PB8", "", "C", 66.93, 66.93, 43.31, 0],
		[189, "LED1_1", 230, -340, "T", "DIP", "PC13", "", "R", 70.87, 70.87, 39.37, 180],
		[190, "LED1_1", 230, -340, "B", "DIP", "PC13", "", "R", 70.87, 70.87, 39.37, 180],
		[191, "LED1_2", 130, -340, "T", "DIP", "GND", "GND", "C", 70.87, 70.87, 39.37, 180],
		[192, "LED1_2", 130, -340, "B", "DIP", "GND", "GND", "C", 70.87, 70.87, 39.37, 180],
		[193, "LED2_1", 235, -555, "T", "DIP", "PC14", "", "R", 70.87, 70.87, 39.37, 180],
		[194, "LED2_1", 235, -555, "B", "DIP", "PC14", "", "R", 70.87, 70.87, 39.37, 180],
		[195, "LED2_2", 135, -555, "T", "DIP", "GND", "GND", "C", 70.87, 70.87, 39.37, 180],
		[196, "LED2_2", 135, -555, "B", "DIP", "GND", "GND", "C", 70.87, 70.87, 39.37, 180],
		[197, "MPU6050_1", 155, -1550, "T", "DIP", "MPU6050_1", "", "R", 70.87, 70.87, 47.24, 270],
		[198, "MPU6050_1", 155, -1550, "B", "DIP", "MPU6050_1", "", "R", 70.87, 70.87, 47.24, 270],
		[199, "MPU6050_2", 155, -1650, "T", "DIP", "MPU6050_2", "", "C", 70.87, 70.87, 47.24, 270],
		[200, "MPU6050_2", 155, -1650, "B", "DIP", "MPU6050_2", "", "C", 70.87, 70.87, 47.24, 270],
		[201, "MPU6050_3", 155, -1750, "T", "DIP", "MPU6050_3", "", "C", 70.87, 70.87, 47.24, 270],
		[202, "MPU6050_3", 155, -1750, "B", "DIP", "MPU6050_3", "", "C", 70.87, 70.87, 47.24, 270],
		[203, "MPU6050_4", 155, -1850, "T", "DIP", "MPU6050_4", "", "C", 70.87, 70.87, 47.24, 270],
		[204, "MPU6050_4", 155, -1850, "B", "DIP", "MPU6050_4", "", "C", 70.87, 70.87, 47.24, 270],
		[205, "MPU6050_5", 155, -1950, "T", "DIP", "PB11", "", "C", 70.87, 70.87, 47.24, 270],
		[206, "MPU6050_5", 155, -1950, "B", "DIP", "PB11", "", "C", 70.87, 70.87, 47.24, 270],
		[207, "MPU6050_6", 155, -2050, "T", "DIP", "PB10", "", "C", 70.87, 70.87, 47.24, 270],
		[208, "MPU6050_6", 155, -2050, "B", "DIP", "PB10", "", "C", 70.87, 70.87, 47.24, 270],
		[209, "MPU6050_7", 155, -2150, "T", "DIP", "GND", "GND", "C", 70.87, 70.87, 47.24, 270],
		[210, "MPU6050_7", 155, -2150, "B", "DIP", "GND", "GND", "C", 70.87, 70.87, 47.24, 270],
		[211, "MPU6050_8", 155, -2250, "T", "DIP", "3.3V", "", "C", 70.87, 70.87, 47.24, 270],
		[212, "MPU6050_8", 155, -2250, "B", "DIP", "3.3V", "", "C", 70.87, 70.87, 47.24, 270],
		[213, "OLED1_1", 2410, -2670, "T", "DIP", "PB3", "", "R", 66.93, 66.93, 43.31, 270],
		[214, "OLED1_1", 2410, -2670, "B", "DIP", "PB3", "", "R", 66.93, 66.93, 43.31, 270],
		[215, "OLED1_2", 2410, -2770, "T", "DIP", "PB4", "", "C", 66.93, 66.93, 43.31, 270],
		[216, "OLED1_2", 2410, -2770, "B", "DIP", "PB4", "", "C", 66.93, 66.93, 43.31, 270],
		[217, "OLED1_3", 2410, -2870, "T", "DIP", "3.3V", "", "C", 66.93, 66.93, 43.31, 270],
		[218, "OLED1_3", 2410, -2870, "B", "DIP", "3.3V", "", "C", 66.93, 66.93, 43.31, 270],
		[219, "OLED1_4", 2410, -2970, "T", "DIP", "GND", "GND", "C", 66.93, 66.93, 43.31, 270],
		[220, "OLED1_4", 2410, -2970, "B", "DIP", "GND", "GND", "C", 66.93, 66.93, 43.31, 270],
		[221, "openmv\\1_1", 2425, 520, "T", "DIP", "PA9", "", "R", 66.93, 66.93, 43.31, 270],
		[222, "openmv\\1_1", 2425, 520, "B", "DIP", "PA9", "", "R", 66.93, 66.93, 43.31, 270],
		[223, "openmv\\1_2", 2425, 420, "T", "DIP", "PA10", "", "C", 66.93, 66.93, 43.31, 270],
		[224, "openmv\\1_2", 2425, 420, "B", "DIP", "PA10", "", "C", 66.93, 66.93, 43.31, 270],
		[225, "openmv\\1_3", 2425, 320, "T", "DIP", "GND", "GND", "C", 66.93, 66.93, 43.31, 270],
		[226, "openmv\\1_3", 2425, 320, "B", "DIP", "GND", "GND", "C", 66.93, 66.93, 43.31, 270],
		[227, "openmv\\1_4", 2425, 220, "T", "DIP", "5V", "", "C", 66.93, 66.93, 43.31, 270],
		[228, "openmv\\1_4", 2425, 220, "B", "DIP", "5V", "", "C", 66.93, 66.93, 43.31, 270],
		[229, "openmv\\2_1", 225, 550, "T", "DIP", "PB10", "", "R", 66.93, 66.93, 43.31, 270],
		[230, "openmv\\2_1", 225, 550, "B", "DIP", "PB10", "", "R", 66.93, 66.93, 43.31, 270],
		[231, "openmv\\2_2", 225, 450, "T", "DIP", "PB11", "", "C", 66.93, 66.93, 43.31, 270],
		[232, "openmv\\2_2", 225, 450, "B", "DIP", "PB11", "", "C", 66.93, 66.93, 43.31, 270],
		[233, "openmv\\2_3", 225, 350, "T", "DIP", "GND", "GND", "C", 66.93, 66.93, 43.31, 270],
		[234, "openmv\\2_3", 225, 350, "B", "DIP", "GND", "GND", "C", 66.93, 66.93, 43.31, 270],
		[235, "openmv\\2_4", 225, 250, "T", "DIP", "5V", "", "C", 66.93, 66.93, 43.31, 270],
		[236, "openmv\\2_4", 225, 250, "B", "DIP", "5V", "", "C", 66.93, 66.93, 43.31, 270],
		[237, "OUTPUTIO1_1", 1400, -3210, "T", "DIP", "E2B", "", "R", 66.93, 66.93, 43.31, 180],
		[238, "OUTPUTIO1_1", 1400, -3210, "B", "DIP", "E2B", "", "R", 66.93, 66.93, 43.31, 180],
		[239, "OUTPUTIO1_2", 1300, -3210, "T", "DIP", "E2A", "", "C", 66.93, 66.93, 43.31, 180],
		[240, "OUTPUTIO1_2", 1300, -3210, "B", "DIP", "E2A", "", "C", 66.93, 66.93, 43.31, 180],
		[241, "OUTPUTIO1_3", 1200, -3210, "T", "DIP", "E1B", "", "C", 66.93, 66.93, 43.31, 180],
		[242, "OUTPUTIO1_3", 1200, -3210, "B", "DIP", "E1B", "", "C", 66.93, 66.93, 43.31, 180],
		[243, "OUTPUTIO1_4", 1100, -3210, "T", "DIP", "E1A", "", "C", 66.93, 66.93, 43.31, 180],
		[244, "OUTPUTIO1_4", 1100, -3210, "B", "DIP", "E1A", "", "C", 66.93, 66.93, 43.31, 180],
		[245, "OUTPUTIO1_5", 1000, -3210, "T", "DIP", "ADC", "", "C", 66.93, 66.93, 43.31, 180],
		[246, "OUTPUTIO1_5", 1000, -3210, "B", "DIP", "ADC", "", "C", 66.93, 66.93, 43.31, 180],
		[247, "OUTPUTIO1_6", 900, -3210, "T", "DIP", "$1N3580", "", "C", 66.93, 66.93, 43.31, 180],
		[248, "OUTPUTIO1_6", 900, -3210, "B", "DIP", "$1N3580", "", "C", 66.93, 66.93, 43.31, 180],
		[249, "OUTPUTIO1_7", 800, -3210, "T", "DIP", "$1N3581", "", "C", 66.93, 66.93, 43.31, 180],
		[250, "OUTPUTIO1_7", 800, -3210, "B", "DIP", "$1N3581", "", "C", 66.93, 66.93, 43.31, 180],
		[251, "SPI/W26QXX1_1", 160, -3035, "T", "DIP", "3.3V", "", "R", 70.87, 70.87, 47.24, 90],
		[252, "SPI/W26QXX1_1", 160, -3035, "B", "DIP", "3.3V", "", "R", 70.87, 70.87, 47.24, 90],
		[253, "SPI/W26QXX1_2", 160, -2935, "T", "DIP", "CS", "", "C", 70.87, 70.87, 47.24, 90],
		[254, "SPI/W26QXX1_2", 160, -2935, "B", "DIP", "CS", "", "C", 70.87, 70.87, 47.24, 90],
		[255, "SPI/W26QXX1_3", 160, -2835, "T", "DIP", "DO", "", "C", 70.87, 70.87, 47.24, 90],
		[256, "SPI/W26QXX1_3", 160, -2835, "B", "DIP", "DO", "", "C", 70.87, 70.87, 47.24, 90],
		[257, "SPI/W26QXX1_4", 160, -2735, "T", "DIP", "GND", "GND", "C", 70.87, 70.87, 47.24, 90],
		[258, "SPI/W26QXX1_4", 160, -2735, "B", "DIP", "GND", "GND", "C", 70.87, 70.87, 47.24, 90],
		[259, "SPI/W26QXX1_5", 160, -2635, "T", "DIP", "CLK", "", "C", 70.87, 70.87, 47.24, 90],
		[260, "SPI/W26QXX1_5", 160, -2635, "B", "DIP", "CLK", "", "C", 70.87, 70.87, 47.24, 90],
		[261, "SPI/W26QXX1_6", 160, -2535, "T", "DIP", "DI", "", "C", 70.87, 70.87, 47.24, 90],
		[262, "SPI/W26QXX1_6", 160, -2535, "B", "DIP", "DI", "", "C", 70.87, 70.87, 47.24, 90],
		[263, "U1_1", 1535.94, -2007.08, "T", "DIP", "BIN2", "", "R", 70.87, 70.87, 47.24, 90],
		[264, "U1_1", 1535.94, -2007.08, "B", "DIP", "BIN2", "", "R", 70.87, 70.87, 47.24, 90],
		[265, "U1_2", 1535.94, -1907.08, "T", "DIP", "BIN1", "", "C", 70.87, 70.87, 47.24, 90],
		[266, "U1_2", 1535.94, -1907.08, "B", "DIP", "BIN1", "", "C", 70.87, 70.87, 47.24, 90],
		[267, "U1_3", 1535.94, -1807.08, "T", "DIP", "AIN1", "", "C", 70.87, 70.87, 47.24, 90],
		[268, "U1_3", 1535.94, -1807.08, "B", "DIP", "AIN1", "", "C", 70.87, 70.87, 47.24, 90],
		[269, "U1_4", 1535.94, -1707.08, "T", "DIP", "AIN2", "", "C", 70.87, 70.87, 47.24, 90],
		[270, "U1_4", 1535.94, -1707.08, "B", "DIP", "AIN2", "", "C", 70.87, 70.87, 47.24, 90],
		[271, "U1_5", 1535.94, -1607.08, "T", "DIP", "PA8", "", "C", 70.87, 70.87, 47.24, 90],
		[272, "U1_5", 1535.94, -1607.08, "B", "DIP", "PA8", "", "C", 70.87, 70.87, 47.24, 90],
		[273, "U1_6", 1535.94, -1507.08, "T", "DIP", "PA9", "", "C", 70.87, 70.87, 47.24, 90],
		[274, "U1_6", 1535.94, -1507.08, "B", "DIP", "PA9", "", "C", 70.87, 70.87, 47.24, 90],
		[275, "U1_7", 1535.94, -1407.08, "T", "DIP", "PA10", "", "C", 70.87, 70.87, 47.24, 90],
		[276, "U1_7", 1535.94, -1407.08, "B", "DIP", "PA10", "", "C", 70.87, 70.87, 47.24, 90],
		[277, "U1_8", 1535.94, -1307.08, "T", "DIP", "KEY1", "", "C", 70.87, 70.87, 47.24, 90],
		[278, "U1_8", 1535.94, -1307.08, "B", "DIP", "KEY1", "", "C", 70.87, 70.87, 47.24, 90],
		[279, "U1_9", 1535.94, -1207.08, "T", "DIP", "KEY2", "", "C", 70.87, 70.87, 47.24, 90],
		[280, "U1_9", 1535.94, -1207.08, "B", "DIP", "KEY2", "", "C", 70.87, 70.87, 47.24, 90],
		[281, "U1_10", 1535.94, -1107.08, "T", "DIP", "KEY3", "", "C", 70.87, 70.87, 47.24, 90],
		[282, "U1_10", 1535.94, -1107.08, "B", "DIP", "KEY3", "", "C", 70.87, 70.87, 47.24, 90],
		[283, "U1_11", 1535.94, -1007.08, "T", "DIP", "PB3", "", "C", 70.87, 70.87, 47.24, 90],
		[284, "U1_11", 1535.94, -1007.08, "B", "DIP", "PB3", "", "C", 70.87, 70.87, 47.24, 90],
		[285, "U1_12", 1535.94, -907.08, "T", "DIP", "PB4", "", "C", 70.87, 70.87, 47.24, 90],
		[286, "U1_12", 1535.94, -907.08, "B", "DIP", "PB4", "", "C", 70.87, 70.87, 47.24, 90],
		[287, "U1_13", 1535.94, -807.08, "T", "DIP", "PB5", "", "C", 70.87, 70.87, 47.24, 90],
		[288, "U1_13", 1535.94, -807.08, "B", "DIP", "PB5", "", "C", 70.87, 70.87, 47.24, 90],
		[289, "U1_14", 1535.94, -707.08, "T", "DIP", "PB6", "", "C", 70.87, 70.87, 47.24, 90],
		[290, "U1_14", 1535.94, -707.08, "B", "DIP", "PB6", "", "C", 70.87, 70.87, 47.24, 90],
		[291, "U1_15", 1535.94, -607.08, "T", "DIP", "PB7", "", "C", 70.87, 70.87, 47.24, 90],
		[292, "U1_15", 1535.94, -607.08, "B", "DIP", "PB7", "", "C", 70.87, 70.87, 47.24, 90],
		[293, "U1_16", 1535.94, -507.08, "T", "DIP", "PB8", "", "C", 70.87, 70.87, 47.24, 90],
		[294, "U1_16", 1535.94, -507.08, "B", "DIP", "PB8", "", "C", 70.87, 70.87, 47.24, 90],
		[295, "U1_17", 1535.94, -407.08, "T", "DIP", "PB9", "", "C", 70.87, 70.87, 47.24, 90],
		[296, "U1_17", 1535.94, -407.08, "B", "DIP", "PB9", "", "C", 70.87, 70.87, 47.24, 90],
		[297, "U1_18", 1535.94, -307.08, "T", "DIP", "5V", "", "C", 70.87, 70.87, 47.24, 90],
		[298, "U1_18", 1535.94, -307.08, "B", "DIP", "5V", "", "C", 70.87, 70.87, 47.24, 90],
		[299, "U1_19", 1535.94, -207.08, "T", "DIP", "GND", "GND", "C", 70.87, 70.87, 47.24, 90],
		[300, "U1_19", 1535.94, -207.08, "B", "DIP", "GND", "GND", "C", 70.87, 70.87, 47.24, 90],
		[301, "U1_20", 1535.94, -107.08, "T", "DIP", "3.3V", "", "C", 70.87, 70.87, 47.24, 90],
		[302, "U1_20", 1535.94, -107.08, "B", "DIP", "3.3V", "", "C", 70.87, 70.87, 47.24, 90],
		[303, "U2_1", 935.94, -2007.08, "T", "DIP", "GND", "GND", "R", 70.87, 70.87, 47.24, 90],
		[304, "U2_1", 935.94, -2007.08, "B", "DIP", "GND", "GND", "R", 70.87, 70.87, 47.24, 90],
		[305, "U2_2", 935.94, -1907.08, "T", "DIP", "GND", "GND", "C", 70.87, 70.87, 47.24, 90],
		[306, "U2_2", 935.94, -1907.08, "B", "DIP", "GND", "GND", "C", 70.87, 70.87, 47.24, 90],
		[307, "U2_3", 935.94, -1807.08, "T", "DIP", "3.3V", "", "C", 70.87, 70.87, 47.24, 90],
		[308, "U2_3", 935.94, -1807.08, "B", "DIP", "3.3V", "", "C", 70.87, 70.87, 47.24, 90],
		[309, "U2_4", 935.94, -1707.08, "T", "DIP", "R", "", "C", 70.87, 70.87, 47.24, 90],
		[310, "U2_4", 935.94, -1707.08, "B", "DIP", "R", "", "C", 70.87, 70.87, 47.24, 90],
		[311, "U2_5", 935.94, -1607.08, "T", "DIP", "PB11", "", "C", 70.87, 70.87, 47.24, 90],
		[312, "U2_5", 935.94, -1607.08, "B", "DIP", "PB11", "", "C", 70.87, 70.87, 47.24, 90],
		[313, "U2_6", 935.94, -1507.08, "T", "DIP", "PB10", "", "C", 70.87, 70.87, 47.24, 90],
		[314, "U2_6", 935.94, -1507.08, "B", "DIP", "PB10", "", "C", 70.87, 70.87, 47.24, 90],
		[315, "U2_7", 935.94, -1407.08, "T", "DIP", "PB1", "", "C", 70.87, 70.87, 47.24, 90],
		[316, "U2_7", 935.94, -1407.08, "B", "DIP", "PB1", "", "C", 70.87, 70.87, 47.24, 90],
		[317, "U2_8", 935.94, -1307.08, "T", "DIP", "PB0", "", "C", 70.87, 70.87, 47.24, 90],
		[318, "U2_8", 935.94, -1307.08, "B", "DIP", "PB0", "", "C", 70.87, 70.87, 47.24, 90],
		[319, "U2_9", 935.94, -1207.08, "T", "DIP", "DI", "", "C", 70.87, 70.87, 47.24, 90],
		[320, "U2_9", 935.94, -1207.08, "B", "DIP", "DI", "", "C", 70.87, 70.87, 47.24, 90],
		[321, "U2_10", 935.94, -1107.08, "T", "DIP", "DO", "", "C", 70.87, 70.87, 47.24, 90],
		[322, "U2_10", 935.94, -1107.08, "B", "DIP", "DO", "", "C", 70.87, 70.87, 47.24, 90],
		[323, "U2_11", 935.94, -1007.08, "T", "DIP", "CLK", "", "C", 70.87, 70.87, 47.24, 90],
		[324, "U2_11", 935.94, -1007.08, "B", "DIP", "CLK", "", "C", 70.87, 70.87, 47.24, 90],
		[325, "U2_12", 935.94, -907.08, "T", "DIP", "CS", "", "C", 70.87, 70.87, 47.24, 90],
		[326, "U2_12", 935.94, -907.08, "B", "DIP", "CS", "", "C", 70.87, 70.87, 47.24, 90],
		[327, "U2_13", 935.94, -807.08, "T", "DIP", "PA3", "", "C", 70.87, 70.87, 47.24, 90],
		[328, "U2_13", 935.94, -807.08, "B", "DIP", "PA3", "", "C", 70.87, 70.87, 47.24, 90],
		[329, "U2_14", 935.94, -707.08, "T", "DIP", "PA2", "", "C", 70.87, 70.87, 47.24, 90],
		[330, "U2_14", 935.94, -707.08, "B", "DIP", "PA2", "", "C", 70.87, 70.87, 47.24, 90],
		[331, "U2_15", 935.94, -607.08, "T", "DIP", "PA1", "", "C", 70.87, 70.87, 47.24, 90],
		[332, "U2_15", 935.94, -607.08, "B", "DIP", "PA1", "", "C", 70.87, 70.87, 47.24, 90],
		[333, "U2_16", 935.94, -507.08, "T", "DIP", "PA0", "", "C", 70.87, 70.87, 47.24, 90],
		[334, "U2_16", 935.94, -507.08, "B", "DIP", "PA0", "", "C", 70.87, 70.87, 47.24, 90],
		[335, "U2_17", 935.94, -407.08, "T", "DIP", "PC15", "", "C", 70.87, 70.87, 47.24, 90],
		[336, "U2_17", 935.94, -407.08, "B", "DIP", "PC15", "", "C", 70.87, 70.87, 47.24, 90],
		[337, "U2_18", 935.94, -307.08, "T", "DIP", "PC14", "", "C", 70.87, 70.87, 47.24, 90],
		[338, "U2_18", 935.94, -307.08, "B", "DIP", "PC14", "", "C", 70.87, 70.87, 47.24, 90],
		[339, "U2_19", 935.94, -207.08, "T", "DIP", "PC13", "", "C", 70.87, 70.87, 47.24, 90],
		[340, "U2_19", 935.94, -207.08, "B", "DIP", "PC13", "", "C", 70.87, 70.87, 47.24, 90],
		[341, "U2_20", 935.94, -107.08, "T", "DIP", "VB", "", "C", 70.87, 70.87, 47.24, 90],
		[342, "U2_20", 935.94, -107.08, "B", "DIP", "VB", "", "C", 70.87, 70.87, 47.24, 90],
		[343, "PAD1_1", 380, -3355, "T", "DIP", "GND", "GND", "C", 60, 60, 36, 0],
		[344, "PAD1_1", 380, -3355, "B", "DIP", "GND", "GND", "C", 60, 60, 36, 0],
		[345, "PAD2_1", 485, -3355, "T", "DIP", "GND", "GND", "C", 60, 60, 36, 0],
		[346, "PAD2_1", 485, -3355, "B", "DIP", "GND", "GND", "C", 60, 60, 36, 0],
		[347, "PAD3_2", 589.58, -3355, "T", "DIP", "GND", "GND", "C", 60, 60, 36, 0],
		[348, "PAD3_2", 589.58, -3355, "B", "DIP", "GND", "GND", "C", 60, 60, 36, 0],
		[349, "PAD4_1", 1420, -915, "T", "DIP", "GND", "GND", "C", 60, 60, 36, 0],
		[350, "PAD4_1", 1420, -915, "B", "DIP", "GND", "GND", "C", 60, 60, 36, 0],
		[351, "PAD5_1", 1335, -1230, "T", "DIP", "GND", "GND", "C", 60, 60, 36, 0],
		[352, "PAD5_1", 1335, -1230, "B", "DIP", "GND", "GND", "C", 60, 60, 36, 0]
	]
}
}